index number,Candidate Name,Duplicate Name,ra,dec,r-mag,type,SN field num,included in target list,removed not Fstar,DES <u> SingleEpoch,DES <g> SingleEpoch,DES <r> SingleEpoch,DES xform'd to SDSS u,DES xform'd to SDSS g,DES xform'd to SDSS r,SDSS u,SDSS g,SDSS r,SDSS i,SDSS z,SVA1 CoAdd RA,SVA1 CoAdd dec,CoAdd mag_auto g,CoAdd mag_auto r,CoAdd mag_auto i,CoAdd mag_auto z,CoAdd mag_auto Y
54,FSC0026m4258,,6.493828,-42.986155,17.76,FStar,1,1,,18.58,18.01,17.75,18.90,18.06,17.76,0,0,0,0,0,6.493733,-42.986156,18.02,17.74,17.67,17.64,0
25,FSC0028m4226,,7.059868,-42.455513,17.14,FStar,1,1,,18.10,17.43,17.13,18.44,17.48,17.14,0,0,0,0,0,7.059858,-42.455515,17.43,17.11,17.04,17.01,0
65,FSC0029m4238,,7.254809,-42.657542,17.14,FStar,1,1,,17.93,17.42,17.12,18.23,17.47,17.14,0,0,0,0,0,7.254829,-42.657552,17.44,17.13,17.03,16.99,0
30,FSC0029m4226,,7.286981,-42.451991,17.18,FStar,1,1,,17.98,17.39,17.17,18.30,17.43,17.18,0,0,0,0,0,7.286976,-42.452005,17.40,17.16,17.12,17.11,0
13,FSC0029m4332,,7.356962,-43.554562,17.85,FStar,1,1,,18.62,18.08,17.84,18.93,18.12,17.85,0,0,0,0,0,7.357000,-43.554541,18.10,17.85,17.80,17.79,0
66,FSC0030m4232,,7.394499,-42.551206,17.07,FStar,1,1,,17.88,17.32,17.06,18.19,17.37,17.07,0,0,0,0,0,7.394506,-42.551223,17.33,17.05,16.99,16.96,0
23,FSC0030m4252,,7.404886,-42.887765,17.39,FStar,1,1,,18.34,17.69,17.38,18.68,17.74,17.39,0,0,0,0,0,7.404917,-42.887768,17.69,17.37,17.28,17.26,0
14,FSC0030m4334,,7.528168,-43.583675,17.11,FStar,1,1,,18.05,17.43,17.10,18.38,17.48,17.11,0,0,0,0,0,7.528205,-43.583652,17.44,17.11,17.02,16.99,0
2,FSC0031m4327,,7.772747,-43.462339,17.59,FStar,1,1,,18.52,17.86,17.58,18.86,17.91,17.59,0,0,0,0,0,7.772768,-43.462318,17.87,17.58,17.49,17.47,0
15,FSC0031m4335,,7.862167,-43.594486,17.05,FStar,1,1,,17.99,17.29,17.04,18.34,17.34,17.05,0,0,0,0,0,7.862189,-43.594463,17.30,17.05,16.98,16.97,0
5,FSC0032m4217,,8.066157,-42.297696,17.11,FStar,1,1,,17.87,17.30,17.10,18.19,17.34,17.11,0,0,0,0,0,8.066138,-42.297712,17.31,17.07,17.04,17.04,0
28,FSC0033m4327,,8.166986,-43.465389,17.33,FStar,1,1,,18.20,17.60,17.32,18.53,17.65,17.33,0,0,0,0,0,8.166994,-43.465366,17.61,17.33,17.24,17.23,0
6,FSC0034m4211,,8.484835,-42.206215,17.43,FStar,1,1,,18.34,17.68,17.42,18.68,17.73,17.43,0,0,0,0,0,8.484834,-42.206194,17.70,17.40,17.34,17.31,0
7,FSC0034m4219,,8.530450,-42.330685,17.13,FStar,1,1,,17.92,17.34,17.12,18.24,17.38,17.13,0,0,0,0,0,8.530439,-42.330685,17.35,17.10,17.06,17.04,0
12,FSC0034m4314,,8.583253,-43.252930,17.43,FStar,1,1,,18.28,17.67,17.42,18.60,17.71,17.43,0,0,0,0,0,8.583240,-43.252917,17.67,17.41,17.35,17.34,0
3,FSC0035m4326,,8.670349,-43.455265,17.23,FStar,1,1,,18.17,17.49,17.22,18.52,17.54,17.23,0,0,0,0,0,8.670351,-43.455258,17.50,17.23,17.16,17.14,0
8,FSC0035m4215,,8.701579,-42.261553,17.39,FStar,1,1,,18.29,17.66,17.37,18.62,17.71,17.39,0,0,0,0,0,8.701600,-42.261519,17.67,17.34,17.28,17.24,0
35,FSC0036m4307,,9.001654,-43.137675,17.34,FStar,1,1,,18.28,17.59,17.33,18.63,17.64,17.34,0,0,0,0,0,9.001646,-43.137659,17.61,17.32,17.26,17.24,0
36,FSC0036m4303,,9.062989,-43.067216,17.41,FStar,1,1,,18.30,17.64,17.40,18.64,17.69,17.41,0,0,0,0,0,9.062984,-43.067186,17.66,17.39,17.32,17.30,0
37,FSC0037m4303,,9.182107,-43.065867,17.35,FStar,1,1,,18.15,17.57,17.34,18.48,17.61,17.35,0,0,0,0,0,9.182127,-43.065846,17.58,17.33,17.27,17.26,0
40,FSC0033m4408,,8.283522,-44.143925,17.23,FStar,2,1,,18.22,17.56,17.21,18.55,17.62,17.23,0,0,0,0,0,8.283507,-44.143923,17.61,17.26,17.15,17.09,0
44,FSC0034m4427,,8.536757,-44.463253,17.10,FStar,2,1,,17.99,17.35,17.09,18.32,17.40,17.10,0,0,0,0,0,8.536766,-44.463246,17.40,17.13,17.06,17.02,0
49,FSC0034m4350,,8.577075,-43.856187,17.40,FStar,2,1,,18.29,17.67,17.39,18.61,17.72,17.40,0,0,0,0,0,8.577100,-43.856189,17.69,17.41,17.33,17.30,0
42,FSC0035m4414,,8.675664,-44.243704,17.20,FStar,2,1,,18.13,17.51,17.19,18.46,17.56,17.20,0,0,0,0,0,8.675694,-44.243689,17.54,17.21,17.11,17.07,0
71,FSC0035m4403,,8.684440,-44.066977,17.44,FStar,2,1,,18.35,17.72,17.43,18.68,17.77,17.44,0,0,0,0,0,8.684470,-44.066970,17.76,17.47,17.39,17.36,0
43,FSC0035m4410,,8.829953,-44.176177,17.13,FStar,2,1,,18.03,17.39,17.12,18.37,17.44,17.13,0,0,0,0,0,8.829979,-44.176164,17.43,17.14,17.07,17.04,0
46,FSC0036m4452,,8.980378,-44.879650,17.37,FStar,2,1,,18.35,17.67,17.36,18.69,17.72,17.37,0,0,0,0,0,8.980363,-44.879680,17.72,17.39,17.33,17.28,0
38,FSC0036m4331,,9.016872,-43.527245,17.27,FStar,2,1,,18.13,17.52,17.26,18.45,17.57,17.27,0,0,0,0,0,9.016877,-43.527264,17.55,17.27,17.20,17.18,0
74,FSC0036m4440,,9.077628,-44.677134,17.24,FStar,2,1,,18.13,17.48,17.23,18.47,17.52,17.24,0,0,0,0,0,9.077639,-44.677113,17.52,17.26,17.18,17.17,0
60,FSC0038m4433,,9.613846,-44.572984,17.32,FStar,2,1,,18.25,17.56,17.32,18.60,17.60,17.32,0,0,0,0,0,9.613838,-44.572957,17.59,17.33,17.26,17.26,0
47,FSC0039m4321,,9.797269,-43.359624,17.39,FStar,2,1,,18.29,17.68,17.38,18.62,17.73,17.39,0,0,0,0,0,9.797238,-43.359640,17.71,17.38,17.28,17.23,0
51,FSC0040m4403,,10.103141,-44.073341,17.30,FStar,2,1,,18.23,17.59,17.28,18.56,17.64,17.30,0,0,0,0,0,10.103096,-44.073328,17.60,17.30,17.21,17.18,0
72,FSC0041m4410,,10.249852,-44.179365,17.56,FStar,2,1,,18.37,17.77,17.55,18.69,17.82,17.56,0,0,0,0,0,10.249814,-44.179346,17.77,17.53,17.47,17.45,0
59,FSC0041m4401,,10.293836,-44.032210,17.30,FStar,2,1,,18.16,17.52,17.29,18.50,17.56,17.30,0,0,0,0,0,10.293784,-44.032201,17.54,17.30,17.24,17.23,0
21,FSC0041m4322,,10.338890,-43.382544,17.39,FStar,2,1,,18.33,17.68,17.38,18.67,17.72,17.39,0,0,0,0,0,10.338870,-43.382536,17.70,17.38,17.29,17.25,0
22,FSC0042m4320,,10.554478,-43.349602,17.22,FStar,2,1,,18.00,17.44,17.21,18.32,17.48,17.22,0,0,0,0,0,10.554514,-43.349554,17.46,17.21,17.16,17.13,0
41,FSC0042m4402,,10.624929,-44.047578,17.84,FStar,2,1,,18.66,18.21,17.81,18.95,18.27,17.84,0,0,0,0,0,10.624897,-44.047579,18.23,17.81,16.88,16.41,0
18,FSC0043m4409,,10.726477,-44.174643,17.65,FStar,2,1,,18.52,17.90,17.64,18.85,17.95,17.65,0,0,0,0,0,10.726473,-44.174641,17.93,17.64,17.57,17.54,0
57,FSC0043m4355,,10.744636,-43.938123,17.10,FStar,2,1,,18.05,17.39,17.09,18.39,17.44,17.10,0,0,0,0,0,10.744632,-43.938116,17.39,17.06,16.98,16.94,0
58,FSC0044m4354,,10.878990,-43.910408,17.10,FStar,2,1,,17.85,17.35,17.09,18.15,17.40,17.10,0,0,0,0,0,10.879048,-43.910399,17.33,17.04,16.96,16.92,0
103,FSC0248p0006,,42.107566,0.094312,17.43,FStar,3,1,,18.38,17.75,17.41,18.71,17.81,17.43,18.69,17.78,17.42,17.28,17.21,42.107554,0.094320,17.77,17.42,17.31,17.29,0
284,FSC0249p0037,,42.227100,0.620023,18.17,FStar,3,1,,0,0,0,0,0,0,19.43,18.46,18.17,18.06,18.02,42.227070,0.620025,18.44,18.15,18.08,18.07,0
282,FSC0249p0001,,42.290548,0.024207,18.06,FStar,3,1,,0,0,0,0,0,0,19.31,18.37,18.06,17.96,17.87,42.290525,0.024212,18.36,18.06,17.97,17.97,0
101,FSC0249p0023,,42.365053,0.385188,16.60,FStar,3,1,,17.55,16.88,16.59,17.89,16.93,16.60,17.91,16.93,16.63,16.47,16.44,42.365044,0.385183,16.87,16.58,16.50,16.48,0
99,FSC0250m0057,,42.461349,-0.965540,17.33,FStar,3,1,,18.31,17.67,17.31,18.64,17.72,17.33,18.61,17.76,17.33,17.17,17.09,42.461334,-0.965594,17.66,17.30,17.19,17.14,0
281,FSC0250p0012,,42.557672,0.202057,18.07,FStar,3,1,,0,0,0,0,0,0,19.35,18.35,18.07,17.94,17.88,42.557655,0.202081,18.34,18.04,17.96,17.93,0
91,FSC0250p0035,,42.599308,0.587527,17.35,FStar,3,1,,18.23,17.61,17.34,18.57,17.65,17.35,18.54,17.66,17.35,17.24,17.21,42.599293,0.587514,17.59,17.33,17.25,17.23,0
274,FSC0251m0004,,42.672320,-0.083681,17.31,FStar,3,1,,0,0,0,0,0,0,18.65,17.70,17.31,17.18,17.11,42.672281,-0.083662,17.63,17.27,17.18,17.17,0
275,FSC0251p0101,,42.726102,1.021985,17.39,FStar,3,1,,0,0,0,0,0,0,18.72,17.80,17.39,17.25,17.14,42.726102,1.021985,99.00,99.00,99.00,99.00,99.00
104,FSC0252m0015,,42.878933,-0.262960,17.06,FStar,3,1,,18.00,17.34,17.05,18.33,17.39,17.06,18.35,17.37,17.07,16.95,16.91,42.878932,-0.262936,17.34,17.04,16.96,16.96,0
276,FSC0252m0029,,42.958801,-0.499869,17.56,FStar,3,1,,0,0,0,0,0,0,18.88,17.94,17.56,17.44,17.39,42.958801,-0.499869,99.00,99.00,99.00,99.00,99.00
283,FSC0252m0040,,43.011870,-0.685557,18.16,FStar,3,1,,0,0,0,0,0,0,19.40,18.41,18.16,18.08,18.05,43.011865,-0.685516,18.37,18.11,18.06,18.03,0
280,FSC0252m0014,,43.012639,-0.242191,18.03,FStar,3,1,,0,0,0,0,0,0,19.30,18.34,18.03,17.92,17.87,43.012621,-0.242177,18.32,18.01,17.91,17.88,0
92,FSC0252m0045,,43.026159,-0.761189,17.68,FStar,3,1,,18.63,17.96,17.67,18.97,18.01,17.68,18.95,18.01,17.68,17.55,17.54,43.026155,-0.761166,17.96,17.64,17.56,17.51,0
277,FSC0253m0049,,43.365199,-0.828826,17.69,FStar,3,1,,0,0,0,0,0,0,18.98,17.98,17.69,17.59,17.48,43.365199,-0.828826,99.00,99.00,99.00,99.00,99.00
105,FSC0253m0012,,43.373601,-0.224559,17.18,FStar,3,1,,18.07,17.46,17.17,18.40,17.51,17.18,18.38,17.50,17.18,17.04,17.02,43.373601,-0.224559,99.00,99.00,99.00,99.00,99.00
287,FSC0254p0009,,43.422620,0.148611,18.20,FStar,3,1,,0,0,0,0,0,0,19.47,18.59,18.20,18.06,17.95,43.422659,0.148646,18.56,18.18,18.05,18.00,0
278,FSC0254p0018,,43.469167,0.299327,17.65,FStar,3,1,,0,0,0,0,0,0,19.04,18.12,17.65,17.45,17.41,43.469203,0.299358,18.04,17.62,17.48,17.43,0
286,FSC0254p0029,,43.512827,0.487702,18.18,FStar,3,1,,0,0,0,0,0,0,19.49,18.54,18.18,18.03,18.01,43.512827,0.487702,99.00,99.00,99.00,99.00,99.00
285,FSC0255m0030,,43.644485,-0.516158,18.12,FStar,3,1,,0,0,0,0,0,0,19.45,18.50,18.12,17.95,17.87,43.644485,-0.516158,99.00,99.00,99.00,99.00,99.00
290,FSC0242m0025,,40.386015,-0.435273,17.57,FStar,4,1,,0,0,0,0,0,0,18.86,17.88,17.57,17.46,17.43,40.386015,-0.435273,99.00,99.00,99.00,99.00,99.00
82,FSC0242m0106,,40.449635,-1.112562,17.55,FStar,4,1,,18.45,17.83,17.54,18.77,17.88,17.55,18.82,17.89,17.57,17.50,17.44,40.449649,-1.112556,17.83,17.55,17.50,17.48,0
80,FSC0242m0014,,40.604462,-0.256334,17.45,FStar,4,1,,18.24,17.69,17.44,18.56,17.73,17.45,18.59,17.71,17.43,17.35,17.34,40.604408,-0.256297,17.69,17.45,17.40,17.40,0
98,FSC0243m0112,,40.670761,-1.213232,17.05,FStar,4,1,,17.94,17.32,17.04,18.27,17.37,17.05,18.27,17.34,17.06,16.96,16.95,40.670783,-1.213215,17.32,17.05,16.98,16.97,0
90,FSC0243m0111,,40.689507,-1.194787,17.54,FStar,4,1,,18.41,17.82,17.52,18.73,17.87,17.54,18.70,17.84,17.55,17.43,17.40,40.689520,-1.194777,17.82,17.53,17.45,17.42,0
95,FSC0243m0058,,40.746237,-0.975605,17.05,FStar,4,1,,17.85,17.31,17.03,18.16,17.36,17.05,18.30,17.30,17.04,16.94,16.95,40.746246,-0.975600,17.30,17.04,16.97,16.96,0
87,FSC0243m0140,,40.795748,-1.684801,17.04,FStar,4,1,,17.94,17.26,17.03,18.29,17.31,17.04,0,0,0,0,0,40.795757,-1.684781,17.28,17.02,16.98,16.94,0
294,FSC0243m0152,,40.872784,-1.880237,17.87,FStar,4,1,,0,0,0,0,0,0,19.16,18.21,17.87,17.71,17.67,40.872764,-1.880224,18.18,17.79,17.68,17.63,0
79,FSC0244m0005,,40.936068,-0.099897,17.44,FStar,4,1,,18.30,17.71,17.42,18.62,17.76,17.44,18.60,17.73,17.43,17.32,17.28,40.936020,-0.099850,17.72,17.43,17.36,17.34,0
77,FSC0244m0140,,40.981210,-1.683944,17.57,FStar,4,1,,18.39,17.76,17.57,18.73,17.80,17.57,0,0,0,0,0,40.981220,-1.683920,17.77,17.57,17.54,17.54,0
100,FSC0244m0136,,41.006910,-1.624190,17.09,FStar,4,1,,17.96,17.35,17.08,18.29,17.40,17.09,0,0,0,0,0,41.006917,-1.624157,17.35,17.08,17.02,17.01,0
88,FSC0245m0032,,41.262529,-0.545175,17.32,FStar,4,1,,18.13,17.58,17.31,18.45,17.62,17.32,18.44,17.62,17.33,17.21,17.19,41.262506,-0.545189,17.57,17.30,17.22,17.18,0
89,FSC0245m0034,,41.322679,-0.579838,17.30,FStar,4,1,,18.19,17.53,17.29,18.53,17.58,17.30,18.51,17.57,17.27,17.17,17.18,41.322655,-0.579849,17.54,17.26,17.18,17.15,0
84,FSC0245m0100,,41.364321,-1.006231,17.50,FStar,4,1,,18.40,17.77,17.49,18.74,17.81,17.50,18.77,17.83,17.52,17.38,17.33,41.364299,-1.006220,17.76,17.48,17.40,17.37,0
78,FSC0246m0156,,41.597989,-1.942002,17.15,FStar,4,1,,18.00,17.39,17.14,18.33,17.43,17.15,18.36,17.44,17.16,17.04,17.02,41.598031,-1.942067,17.38,17.13,17.08,17.06,0
86,FSC0246m0125,,41.611829,-1.435794,17.08,FStar,4,1,,18.03,17.37,17.07,18.37,17.42,17.08,0,0,0,0,0,41.611817,-1.435767,17.39,17.08,16.99,16.98,0
97,FSC0247m0105,,41.759602,-1.100875,17.19,FStar,4,1,,18.16,17.49,17.17,18.51,17.54,17.19,18.46,17.58,17.21,17.07,17.03,41.759574,-1.100860,17.49,17.18,17.08,17.05,0
85,FSC0247m0112,,41.761247,-1.208886,17.41,FStar,4,1,,18.32,17.69,17.40,18.65,17.74,17.41,18.68,17.78,17.42,17.31,17.31,41.761221,-1.208866,17.69,17.40,17.33,17.30,0
288,FSC0247m0113,,41.809844,-1.226502,17.38,FStar,4,1,,0,0,0,0,0,0,18.63,17.75,17.38,17.27,17.25,41.809789,-1.226536,17.67,17.37,17.30,17.27,0
76,FSC0248m0101,,42.092255,-1.033495,17.43,FStar,4,1,,18.28,17.68,17.42,18.61,17.73,17.43,18.65,17.77,17.42,17.35,17.31,42.092249,-1.033479,17.69,17.43,17.37,17.36,0
114,FSC0333m2719,,53.252377,-27.325344,17.41,FStar,5,1,,18.29,17.68,17.40,18.62,17.73,17.41,0,0,0,0,0,53.252352,-27.325336,17.68,17.40,17.33,17.29,17.32
141,FSC0334m2708,,53.453036,-27.146068,17.31,FStar,5,1,,18.26,17.58,17.30,18.61,17.63,17.31,0,0,0,0,0,53.453044,-27.146070,17.59,17.28,17.20,17.17,17.20
147,FSC0334m2711,,53.478039,-27.196484,17.02,FStar,5,1,,17.93,17.31,17.01,18.26,17.36,17.02,0,0,0,0,0,53.478048,-27.196487,17.31,16.99,16.90,16.86,16.88
151,FSC0334m2644,,53.510239,-26.745887,17.48,FStar,5,1,,18.40,17.71,17.47,18.75,17.76,17.48,0,0,0,0,0,53.510238,-26.745885,17.72,17.46,17.41,17.38,17.40
146,FSC0334m2721,,53.558852,-27.364819,17.03,FStar,5,1,,17.93,17.27,17.02,18.27,17.32,17.03,0,0,0,0,0,53.558852,-27.364823,17.28,17.01,16.94,16.92,16.95
139,FSC0335m2707,TRUE,53.626147,-27.128564,17.05,FStar,5,1,,17.87,17.28,17.04,18.19,17.32,17.05,0,0,0,0,0,53.626166,-27.128567,17.27,17.01,16.95,16.93,16.94
140,FSC0335m2707,TRUE,53.637388,-27.132769,17.14,FStar,5,1,,17.94,17.36,17.13,18.26,17.40,17.14,0,0,0,0,0,53.637401,-27.132763,17.36,17.12,17.05,17.03,17.07
106,FSC0335m2739,,53.681216,-27.674488,17.22,FStar,5,1,,18.03,17.46,17.21,18.35,17.50,17.22,0,0,0,0,0,53.681216,-27.674488,99.00,99.00,99.00,99.00,99.00
184,FSC0335m2613,,53.774506,-26.231914,17.21,FStar,5,1,,18.10,17.45,17.20,18.44,17.49,17.21,0,0,0,0,0,53.774460,-26.231864,17.45,17.18,17.14,17.10,17.08
170,FSC0335m2630,,53.814727,-26.512473,17.09,FStar,5,1,,17.91,17.27,17.09,18.25,17.31,17.09,0,0,0,0,0,53.814721,-26.512484,17.28,17.08,17.04,17.03,17.07
185,FSC0335m2615,,53.823354,-26.264712,17.41,FStar,5,1,,18.35,17.66,17.40,18.70,17.70,17.41,0,0,0,0,0,53.823319,-26.264678,17.69,17.41,17.36,17.33,17.34
148,FSC0336m2800,,53.900528,-28.004362,17.32,FStar,5,1,,18.10,17.53,17.31,18.42,17.58,17.32,0,0,0,0,0,53.900519,-28.004373,17.53,17.29,17.22,17.20,17.22
186,FSC0336m2614,,54.034162,-26.245087,17.09,FStar,5,1,,17.90,17.26,17.09,18.24,17.30,17.09,0,0,0,0,0,54.034133,-26.245070,17.28,17.08,17.07,17.05,17.08
153,FSC0336m2719,,54.051685,-27.328425,17.33,FStar,5,1,,18.18,17.56,17.32,18.52,17.61,17.33,0,0,0,0,0,54.051693,-27.328416,17.56,17.31,17.23,17.22,17.26
180,FSC0337m2700,,54.232053,-27.010963,17.14,FStar,5,1,,17.93,17.32,17.14,18.26,17.36,17.14,0,0,0,0,0,54.232041,-27.010965,17.30,17.11,17.06,17.08,17.12
172,FSC0338m2711,,54.487695,-27.193658,17.20,FStar,5,1,,18.06,17.48,17.19,18.38,17.53,17.20,0,0,0,0,0,54.487678,-27.193651,17.49,17.17,17.07,17.05,17.10
190,FSC0338m2720,,54.565829,-27.353507,17.48,FStar,5,1,,18.31,17.72,17.48,18.63,17.76,17.48,0,0,0,0,0,54.565811,-27.353491,17.72,17.46,17.38,17.38,17.42
182,FSC0340m2700,,54.955666,-27.010078,17.38,FStar,5,1,,18.32,17.64,17.37,18.66,17.69,17.38,0,0,0,0,0,54.955621,-27.010081,17.65,17.36,17.27,17.27,17.31
198,FSC0341m2654,,55.174683,-26.920518,17.46,FStar,5,1,,18.30,17.68,17.45,18.63,17.72,17.46,0,0,0,0,0,55.174665,-26.920522,17.69,17.45,17.38,17.38,17.42
199,FSC0341m2649,,55.276180,-26.826054,17.31,FStar,5,1,,18.23,17.56,17.30,18.57,17.60,17.31,0,0,0,0,0,55.276199,-26.826047,17.57,17.29,17.22,17.22,17.26
195,FSC0333m2920,,53.273846,-29.352119,17.44,FStar,6,1,,18.29,17.68,17.43,18.62,17.72,17.44,0,0,0,0,0,53.273827,-29.352118,17.69,17.44,17.38,17.35,17.39
162,FSC0335m2913,,53.656197,-29.228888,17.15,FStar,6,1,,17.93,17.38,17.15,18.24,17.43,17.15,0,0,0,0,0,53.656217,-29.228872,17.39,17.14,17.08,17.06,17.05
201,FSC0335m2925,,53.692979,-29.433650,17.32,FStar,6,1,,18.29,17.60,17.31,18.63,17.65,17.32,0,0,0,0,0,53.692998,-29.433626,17.62,17.32,17.25,17.22,17.25
156,FSC0335m2840,,53.846133,-28.691008,17.76,FStar,6,1,,18.52,17.94,17.76,18.84,17.98,17.76,0,0,0,0,0,53.846127,-28.691020,17.97,17.77,17.73,17.73,17.77
144,FSC0336m2809,,53.894638,-28.171105,17.41,FStar,6,1,,18.32,17.68,17.39,18.65,17.73,17.41,0,0,0,0,0,53.894600,-28.171075,17.71,17.42,17.33,17.30,17.33
191,FSC0336m2839,,53.996452,-28.659870,17.20,FStar,6,1,,18.01,17.45,17.19,18.33,17.50,17.20,0,0,0,0,0,53.996442,-28.659886,17.48,17.21,17.13,17.11,17.13
164,FSC0336m2911,,54.020021,-29.198353,17.47,FStar,6,1,,18.40,17.74,17.46,18.74,17.79,17.47,0,0,0,0,0,54.020026,-29.198337,17.76,17.47,17.38,17.36,17.41
158,FSC0337m2942,,54.228931,-29.713950,17.19,FStar,6,1,,18.14,17.46,17.18,18.49,17.51,17.19,0,0,0,0,0,54.228930,-29.713921,17.47,17.18,17.11,17.09,17.15
165,FSC0337m2912,TRUE,54.281527,-29.215656,17.04,FStar,6,1,,17.75,17.25,17.03,18.06,17.29,17.04,0,0,0,0,0,54.281514,-29.215641,17.23,17.03,16.97,16.98,17.01
166,FSC0337m2912,TRUE,54.344625,-29.221206,17.08,FStar,6,1,,17.95,17.39,17.06,18.26,17.44,17.08,0,0,0,0,0,54.344603,-29.221189,17.39,17.08,16.97,16.95,16.99
192,FSC0338m2852,,54.444937,-28.888819,17.27,FStar,6,1,,18.26,17.59,17.25,18.61,17.65,17.27,0,0,0,0,0,54.444908,-28.888823,17.61,17.26,17.14,17.10,17.12
157,FSC0338m2842,,54.472986,-28.720920,17.70,FStar,6,1,,18.60,17.96,17.69,18.93,18.00,17.70,0,0,0,0,0,54.472949,-28.720936,17.99,17.70,17.61,17.59,17.62
193,FSC0338m2906,,54.538815,-29.124142,17.71,FStar,6,1,,18.55,17.95,17.70,18.88,18.00,17.71,0,0,0,0,0,54.538786,-29.124133,17.97,17.73,17.64,17.64,17.67
194,FSC0338m2908,,54.588126,-29.157672,17.67,FStar,6,1,,18.57,17.93,17.65,18.91,17.98,17.67,0,0,0,0,0,54.588093,-29.157660,17.96,17.68,17.59,17.59,17.63
178,FSC0339m2839,,54.719819,-28.661146,17.67,FStar,6,1,,18.53,17.88,17.67,18.87,17.92,17.67,0,0,0,0,0,54.719777,-28.661160,17.90,17.68,17.62,17.62,17.67
179,FSC0339m2835,,54.788245,-28.606506,17.62,FStar,6,1,,18.46,17.83,17.61,18.80,17.87,17.62,0,0,0,0,0,54.788206,-28.606516,17.85,17.62,17.55,17.55,17.59
160,FSC0340m2903,,55.054015,-29.065584,17.54,FStar,6,1,,18.41,17.78,17.53,18.75,17.82,17.54,0,0,0,0,0,55.053962,-29.065573,17.80,17.54,17.47,17.46,17.49
161,FSC0340m2855,,55.058444,-28.941363,17.54,FStar,6,1,,18.35,17.75,17.53,18.68,17.79,17.54,0,0,0,0,0,55.058395,-28.941363,17.77,17.55,17.49,17.49,17.54
159,FSC0340m2911,,55.061466,-29.203688,17.24,FStar,6,1,,18.13,17.50,17.22,18.46,17.55,17.24,0,0,0,0,0,55.061429,-29.203675,17.53,17.25,17.16,17.13,17.16
167,FSC0341m2930,,55.296070,-29.514977,17.37,FStar,6,1,,18.29,17.63,17.36,18.63,17.67,17.37,0,0,0,0,0,55.296133,-29.514994,17.63,17.35,17.26,17.21,17.23
130,FSC0328m2743,,52.062049,-27.735809,17.36,FStar,7,1,,18.30,17.64,17.35,18.64,17.68,17.36,0,0,0,0,0,52.062020,-27.735805,17.65,17.36,17.31,17.26,17.26
107,FSC0330m2808,,52.419146,-28.150413,17.14,FStar,7,1,,18.03,17.37,17.13,18.37,17.41,17.14,0,0,0,0,0,52.419160,-28.150398,17.40,17.14,17.09,17.06,17.09
113,FSC0330m2717,,52.528656,-27.305201,17.33,FStar,7,1,,18.23,17.61,17.32,18.56,17.65,17.33,0,0,0,0,0,52.528645,-27.305200,17.60,17.32,17.26,17.22,17.23
115,FSC0330m2753,,52.535680,-27.899913,17.31,FStar,7,1,,18.08,17.53,17.30,18.39,17.57,17.31,0,0,0,0,0,52.535691,-27.899908,17.52,17.31,17.27,17.24,17.26
132,FSC0331m2811,,52.644202,-28.197169,17.36,FStar,7,1,,18.22,17.61,17.35,18.55,17.66,17.36,0,0,0,0,0,52.644219,-28.197150,17.61,17.35,17.28,17.26,17.28
122,FSC0331m2820,,52.663350,-28.353427,17.32,FStar,7,1,,18.11,17.57,17.31,18.42,17.61,17.32,0,0,0,0,0,52.663364,-28.353406,17.57,17.35,17.30,17.28,17.31
129,FSC0331m2710,,52.682271,-27.187728,17.95,FStar,7,1,,18.78,18.17,17.95,19.11,18.21,17.95,0,0,0,0,0,52.682259,-27.187713,18.18,17.96,17.92,17.90,17.92
133,FSC0331m2814,,52.708665,-28.252813,17.05,FStar,7,1,,18.02,17.36,17.03,18.36,17.41,17.05,0,0,0,0,0,52.708682,-28.252792,17.35,17.05,16.97,16.93,16.92
109,FSC0331m2848,,52.711355,-28.818295,17.84,FStar,7,1,,18.67,18.02,17.84,19.01,18.06,17.84,0,0,0,0,0,52.711345,-28.818317,18.06,17.86,17.84,17.82,17.83
117,FSC0332m2756,TRUE,52.954533,-27.948357,17.18,FStar,7,1,,18.12,17.46,17.17,18.46,17.50,17.18,0,0,0,0,0,52.954520,-27.948349,17.44,17.16,17.08,17.05,17.06
110,FSC0332m2852,,52.971753,-28.889301,17.12,FStar,7,1,,18.02,17.38,17.11,18.36,17.43,17.12,0,0,0,0,0,52.971745,-28.889299,17.41,17.12,17.06,17.02,17.02
135,FSC0333m2822,,53.159465,-28.378107,17.26,FStar,7,1,,18.14,17.52,17.25,18.47,17.57,17.26,0,0,0,0,0,53.159444,-28.378080,17.53,17.26,17.19,17.15,17.15
138,FSC0333m2829,,53.164632,-28.496767,17.26,FStar,7,1,,18.20,17.53,17.25,18.54,17.57,17.26,0,0,0,0,0,53.164614,-28.496739,17.54,17.25,17.19,17.15,17.16
108,FSC0333m2841,,53.252580,-28.692856,17.01,FStar,7,1,,17.90,17.24,17.00,18.24,17.28,17.01,0,0,0,0,0,53.252546,-28.692842,17.25,17.00,16.96,16.92,16.92
120,FSC0333m2806,,53.289152,-28.123805,17.01,FStar,7,1,,17.93,17.32,17.00,18.26,17.37,17.01,0,0,0,0,0,53.289125,-28.123766,17.34,17.03,16.93,16.88,16.89
124,FSC0333m2750,,53.299783,-27.856474,17.29,FStar,7,1,,18.16,17.55,17.28,18.49,17.60,17.29,0,0,0,0,0,53.299742,-27.856464,17.55,17.28,17.22,17.18,17.20
125,FSC0334m2753,,53.395495,-27.895227,17.37,FStar,7,1,,18.24,17.64,17.36,18.56,17.69,17.37,0,0,0,0,0,53.395495,-27.895227,99.00,99.00,99.00,99.00,99.00
136,FSC0334m2815,,53.544725,-28.273305,17.28,FStar,7,1,,18.14,17.55,17.27,18.46,17.60,17.28,0,0,0,0,0,53.544689,-28.273282,17.58,17.30,17.22,17.18,17.18
126,FSC0335m2810,,53.743193,-28.189426,17.34,FStar,7,1,,18.20,17.58,17.33,18.53,17.62,17.34,0,0,0,0,0,53.743186,-28.189413,17.61,17.36,17.29,17.26,17.29
127,FSC0335m2806,,53.786379,-28.111265,17.06,FStar,7,1,,17.94,17.31,17.05,18.28,17.36,17.06,0,0,0,0,0,53.786377,-28.111247,17.35,17.08,17.03,16.98,17.01
308,FSC0214m0449,,33.463306,-4.829357,17.56,FStar,8,1,,0,0,0,0,0,0,18.77,17.84,17.56,17.41,17.40,33.463299,-4.829327,17.82,17.53,17.45,17.41,0
229,FSC0215m0458,,33.761454,-4.977592,17.48,FStar,8,1,,18.38,17.72,17.47,18.72,17.76,17.48,18.78,17.85,17.47,17.39,17.36,33.761450,-4.977582,17.74,17.49,17.44,17.42,0
206,FSC0216m0438,,34.031035,-4.655741,17.06,FStar,8,1,,17.98,17.32,17.05,18.32,17.37,17.06,18.29,17.39,17.00,16.93,16.92,34.031045,-4.655732,17.33,17.05,16.96,16.96,0
216,FSC0216m0525,,34.064301,-5.436224,17.45,FStar,8,1,,18.31,17.69,17.44,18.64,17.73,17.45,18.62,17.77,17.46,17.37,17.32,34.064300,-5.436222,17.70,17.44,17.39,17.37,0
313,FSC0216m0406,,34.100279,-4.111840,17.86,FStar,8,1,,0,0,0,0,0,0,19.02,18.13,17.86,17.77,17.72,34.100229,-4.111840,18.09,17.84,99.00,99.00,0
213,FSC0217m0509,TRUE,34.253782,-5.171358,17.34,FStar,8,1,,18.31,17.63,17.33,18.65,17.68,17.34,0,0,0,0,0,34.253793,-5.171332,17.65,17.34,17.27,17.24,0
207,FSC0217m0444,,34.316507,-4.748364,17.19,FStar,8,1,,18.06,17.42,17.18,18.39,17.47,17.19,18.35,17.52,17.18,17.14,17.11,34.316511,-4.748356,17.42,17.19,17.12,17.11,0
203,FSC0217m0401,,34.374460,-4.026518,17.10,FStar,8,1,,18.02,17.35,17.09,18.37,17.40,17.10,0,0,0,0,0,34.374441,-4.026514,17.36,17.10,17.02,17.01,0
215,FSC0218m0411,,34.396198,-4.201132,17.17,FStar,8,1,,18.10,17.45,17.16,18.44,17.50,17.17,18.43,17.52,17.17,17.05,16.99,34.396188,-4.201147,17.47,17.16,17.08,17.05,0
307,FSC0218m0555,,34.434866,-5.929130,17.53,FStar,8,1,,0,0,0,0,0,0,18.76,17.83,17.53,17.44,17.38,34.434797,-5.929112,17.81,17.55,17.46,17.44,0
304,FSC0218m0524,,34.477702,-5.411433,17.38,FStar,8,1,,0,0,0,0,0,0,18.66,17.70,17.38,17.23,17.20,34.477678,-5.411416,17.66,17.37,17.27,17.24,0
214,FSC0218m0454,,34.587063,-4.909457,17.16,FStar,8,1,,17.97,17.38,17.15,18.30,17.42,17.16,18.27,17.45,17.14,17.11,17.05,34.587053,-4.909442,17.39,17.15,17.09,17.08,0
306,FSC0219m0544,,34.647688,-5.742112,17.27,FStar,8,1,,0,0,0,0,0,0,18.57,17.71,17.27,17.07,17.06,34.647671,-5.742081,17.67,17.29,17.16,17.10,0
303,FSC0219m0415,,34.653255,-4.263757,17.29,FStar,8,1,,0,0,0,0,0,0,18.51,17.57,17.29,17.11,17.14,34.653192,-4.263744,17.50,17.25,17.18,17.15,0
219,FSC0219m0548,,34.729535,-5.809798,17.33,FStar,8,1,,18.26,17.56,17.32,18.61,17.61,17.33,18.51,17.64,17.33,17.25,17.23,34.729531,-5.809794,17.59,17.35,17.30,17.28,0
234,FSC0219m0505,,34.759476,-5.108176,17.13,FStar,8,1,,17.92,17.37,17.13,18.23,17.42,17.13,18.32,17.42,17.14,17.04,17.01,34.759451,-5.108142,17.35,17.08,17.05,17.04,0
209,FSC0220m0500,TRUE,35.105410,-5.008182,17.01,FStar,8,1,,17.85,17.22,17.00,18.18,17.26,17.01,18.21,17.29,17.02,16.93,16.90,35.105389,-5.008162,17.26,17.02,16.96,16.95,0
233,FSC0221m0449,,35.281260,-4.837848,17.10,FStar,8,1,,18.00,17.36,17.09,18.33,17.41,17.10,18.24,17.32,17.10,17.01,16.97,35.281254,-4.837839,17.39,17.12,17.04,17.02,0
228,FSC0221m0441,,35.367878,-4.707716,17.16,FStar,8,1,,18.00,17.39,17.15,18.33,17.43,17.16,18.44,17.44,17.17,17.04,17.04,35.367843,-4.707708,17.40,17.17,17.10,17.09,0
226,FSC0221m0524,,35.370881,-5.411406,17.62,FStar,8,1,,18.51,17.87,17.61,18.85,17.91,17.62,18.87,17.95,17.65,17.52,17.55,35.370905,-5.411407,17.89,17.63,17.56,17.55,0
324,FSC0219m0704,,34.867461,-7.084818,17.04,FStar,9,1,,0,0,0,0,0,0,18.35,17.39,17.04,16.90,16.80,34.867423,-7.084778,99.00,16.99,16.92,16.88,0
335,FSC0220m0633,,34.886801,-6.568241,17.84,FStar,9,1,,0,0,0,0,0,0,19.08,18.19,17.84,17.76,17.74,34.886763,-6.568221,18.12,17.86,17.81,17.79,0
232,FSC0220m0631,,34.930410,-6.535699,17.25,FStar,9,1,,18.11,17.49,17.24,18.44,17.54,17.25,0,0,0,0,0,34.930426,-6.535680,17.52,17.26,17.19,17.16,0
327,FSC0220m0651,,35.036887,-6.862711,17.51,FStar,9,1,,0,0,0,0,0,0,18.67,17.80,17.51,17.40,17.39,35.036836,-6.862704,17.77,17.52,17.46,17.44,0
230,FSC0220m0540,,35.080046,-5.683577,17.33,FStar,9,1,,18.22,17.59,17.32,18.56,17.64,17.33,18.57,17.65,17.32,17.24,17.23,35.080045,-5.683580,17.62,17.34,17.27,17.25,0
301,FSC0221m0551,,35.128658,-5.860471,17.24,FStar,9,1,,0,0,0,0,0,0,18.37,17.47,17.24,17.13,17.10,35.128609,-5.860430,17.46,17.24,17.18,17.17,0
238,FSC0221m0601,,35.243207,-6.028769,17.27,FStar,9,1,,18.23,17.55,17.25,18.58,17.60,17.27,18.56,17.62,17.27,17.15,17.11,35.243217,-6.028771,17.57,17.27,17.18,17.15,0
218,FSC0221m0533,,35.250423,-5.558430,17.46,FStar,9,1,,18.42,17.75,17.44,18.76,17.80,17.46,0,0,0,0,0,35.250418,-5.558418,17.76,17.44,17.37,17.33,0
302,FSC0221m0534,,35.306891,-5.584912,17.19,FStar,9,1,,0,0,0,0,0,0,18.33,17.52,17.19,17.09,17.04,35.306850,-5.584864,17.47,17.20,17.11,17.10,0
223,FSC0221m0638,,35.328972,-6.647650,17.44,FStar,9,1,,18.30,17.66,17.43,18.63,17.70,17.44,0,0,0,0,0,35.328990,-6.647620,17.69,17.45,17.39,17.39,0
224,FSC0222m0647,,35.497233,-6.806069,17.46,FStar,9,1,,18.39,17.71,17.45,18.73,17.76,17.46,18.69,17.80,17.46,17.36,17.33,35.497232,-6.806037,17.73,17.47,17.39,17.38,0
220,FSC0223m0640,,35.803632,-6.683362,17.04,FStar,9,1,,17.95,17.33,17.02,18.28,17.38,17.04,18.26,17.38,17.03,16.92,16.87,35.803615,-6.683332,17.32,17.00,16.89,16.86,0
337,FSC0223m0533,,35.836821,-5.570277,17.83,FStar,9,1,,0,0,0,0,0,0,19.18,18.23,17.83,17.68,17.67,35.836776,-5.570250,18.19,17.83,17.72,17.68,0
225,FSC0223m0656,,35.863021,-6.943849,17.49,FStar,9,1,,18.40,17.76,17.47,18.74,17.81,17.49,18.77,17.85,17.51,17.37,17.34,35.863019,-6.943825,17.79,17.49,17.39,17.36,0
334,FSC0224m0706,,35.920349,-7.117534,17.78,FStar,9,1,,0,0,0,0,0,0,19.11,18.16,17.78,17.66,17.65,35.920325,-7.117498,18.10,17.78,17.72,17.68,0
231,FSC0224m0647,,36.052795,-6.806599,17.43,FStar,9,1,,18.29,17.66,17.42,18.62,17.70,17.43,18.52,17.75,17.44,17.35,17.31,36.052784,-6.806583,17.69,17.43,17.36,17.34,0
237,FSC0224m0541,,36.074558,-5.708020,17.33,FStar,9,1,,18.21,17.56,17.32,18.55,17.61,17.33,0,0,0,0,0,36.074541,-5.708018,17.59,17.34,17.27,17.24,0
326,FSC0226m0646,,36.524525,-6.778781,17.30,FStar,9,1,,0,0,0,0,0,0,18.50,17.69,17.30,17.15,17.11,36.524492,-6.778719,17.63,17.28,17.16,17.12,0
221,FSC0226m0616,,36.529324,-6.285602,17.15,FStar,9,1,,18.07,17.43,17.14,18.41,17.48,17.15,0,0,0,0,0,36.529365,-6.285589,17.45,17.13,17.06,17.03,0
325,FSC0227m0623,,36.701362,-6.398148,17.25,FStar,9,1,,0,0,0,0,0,0,18.53,17.58,17.25,17.16,17.19,36.701328,-6.398123,17.51,17.26,17.21,17.20,0
235,FSC0223m0454,,35.694495,-4.915872,17.16,FStar,10,1,,18.04,17.41,17.15,18.37,17.45,17.16,18.42,17.44,17.22,17.08,17.03,35.694504,-4.915852,17.43,17.18,17.10,17.09,0
340,FSC0223m0425,,35.755596,-4.438916,17.08,FStar,10,1,,0,0,0,0,0,0,18.27,17.35,17.08,16.85,16.83,35.755551,-4.438875,17.29,16.94,16.85,16.79,0
248,FSC0224m0411,TRUE,35.946011,-4.207002,17.34,FStar,10,1,,18.17,17.63,17.32,18.49,17.68,17.34,18.58,17.69,17.34,17.18,17.14,35.946016,-4.207001,17.62,17.32,17.22,17.19,0
264,FSC0224m0517,,36.005812,-5.297246,17.15,FStar,10,1,,18.04,17.38,17.14,18.38,17.42,17.15,18.38,17.46,17.15,17.08,17.03,36.005825,-5.297225,17.41,17.15,17.08,17.07,0
250,FSC0224m0411,TRUE,36.042185,-4.202001,17.65,FStar,10,1,,18.49,17.92,17.64,18.81,17.96,17.65,18.89,17.98,17.64,17.55,17.51,36.042193,-4.202005,17.93,17.64,17.57,17.55,0
263,FSC0224m0500,,36.114262,-5.000722,17.45,FStar,10,1,,18.30,17.68,17.44,18.63,17.73,17.45,18.67,17.72,17.46,17.31,17.35,36.114287,-5.000684,17.69,17.45,17.38,17.39,0
343,FSC0225m0444,,36.362046,-4.755613,17.49,FStar,10,1,,0,0,0,0,0,0,18.67,17.76,17.49,17.39,17.33,36.362043,-4.755580,17.74,17.46,17.39,17.37,0
268,FSC0226m0453,TRUE,36.440558,-4.892897,17.35,FStar,10,1,,18.18,17.59,17.34,18.50,17.63,17.35,18.54,17.60,17.36,17.27,17.24,36.440562,-4.892864,17.59,17.33,17.26,17.26,0
270,FSC0226m0453,TRUE,36.535409,-4.901703,17.08,FStar,10,1,,17.93,17.33,17.07,18.26,17.37,17.08,0,0,0,0,0,36.535406,-4.901669,17.30,17.05,16.98,16.95,0
262,FSC0226m0400,,36.554729,-4.001230,17.17,FStar,10,1,,17.99,17.40,17.16,18.32,17.44,17.17,18.34,17.43,17.18,17.00,17.11,36.554704,-4.001240,17.41,17.16,17.10,17.09,0
341,FSC0227m0509,TRUE,36.788684,-5.174738,17.11,FStar,10,1,,0,0,0,0,0,0,18.45,17.51,17.11,17.00,17.36,36.788649,-5.174682,17.43,17.10,17.01,16.98,0
245,FSC0227m0519,,36.797737,-5.326760,17.06,FStar,10,1,,17.89,17.28,17.05,18.22,17.32,17.06,18.29,17.34,17.04,16.96,16.97,36.797733,-5.326738,17.30,17.07,17.02,16.98,0
342,FSC0227m0355,,36.800559,-3.935708,17.34,FStar,10,1,,0,0,0,0,0,0,18.52,17.55,17.34,17.28,17.24,36.800539,-3.935681,17.51,17.28,17.24,17.20,0
269,FSC0228m0424,,36.962259,-4.408896,17.40,FStar,10,1,,18.23,17.64,17.39,18.55,17.69,17.40,18.51,17.67,17.36,17.28,17.28,36.962221,-4.408887,17.63,17.38,17.31,17.30,0
347,FSC0229m0358,,37.133108,-3.979935,17.69,FStar,10,1,,0,0,0,0,0,0,18.91,18.02,17.69,17.58,17.55,37.133103,-3.979884,17.96,17.66,17.57,17.54,0
256,FSC0229m0413,,37.212401,-4.235829,17.17,FStar,10,1,,17.96,17.38,17.16,18.28,17.42,17.17,0,0,0,0,0,37.212380,-4.235814,17.38,17.15,17.09,17.07,0
265,FSC0229m0458,,37.220378,-4.983792,17.32,FStar,10,1,,18.18,17.59,17.31,18.50,17.63,17.32,18.50,17.65,17.29,17.22,17.15,37.220370,-4.983772,17.58,17.31,17.22,17.19,0
257,FSC0229m0414,,37.222656,-4.256170,17.70,FStar,10,1,,18.53,17.94,17.69,18.85,17.99,17.70,18.86,18.00,17.68,17.62,17.58,37.222635,-4.256153,17.94,17.69,17.62,17.60,0
260,FSC0229m0440,,37.261136,-4.689469,17.12,FStar,10,1,,18.03,17.39,17.11,18.37,17.43,17.12,18.39,17.41,17.13,17.03,16.95,37.261115,-4.689449,17.40,17.10,17.02,17.00,0
258,FSC0229m0410,,37.360629,-4.187728,17.27,FStar,10,1,,18.08,17.50,17.26,18.40,17.54,17.27,18.47,17.52,17.28,17.19,17.22,37.360661,-4.187687,17.49,17.25,17.20,17.18,0
55,FSC0027m4252,,6.647570,-42.875608,17.78,FStar,1,0,,18.57,18.03,17.77,18.88,18.07,17.78,0,0,0,0,0,6.647540,-42.875604,18.04,17.77,17.71,17.68,0
9,FSC0027m4232,,6.661341,-42.545433,17.40,FStar,1,0,,18.32,17.62,17.39,18.67,17.67,17.40,0,0,0,0,0,6.661248,-42.545402,17.63,17.38,17.33,17.32,0
34,FSC0028m4256,,6.987442,-42.956824,17.80,FStar,1,0,,18.75,18.08,17.79,19.09,18.13,17.80,0,0,0,0,0,6.987472,-42.956824,18.10,17.79,17.72,17.69,0
68,FSC0029m4239,,7.359357,-42.664323,17.63,FStar,1,0,,18.43,17.87,17.62,18.75,17.91,17.63,0,0,0,0,0,7.359371,-42.664338,17.89,17.62,17.55,17.54,0
67,FSC0030m4237,,7.384339,-42.631766,17.15,FStar,1,0,,17.78,17.33,17.15,18.07,17.37,17.15,0,0,0,0,0,7.384353,-42.631781,17.34,17.14,17.10,17.10,0
24,FSC0031m4257,,7.645149,-42.962242,17.73,FStar,1,0,,18.63,18.00,17.72,18.97,18.05,17.73,0,0,0,0,0,7.645168,-42.962239,18.01,17.72,17.63,17.61,0
32,FSC0031m4241,,7.709652,-42.697683,17.99,FStar,1,0,,18.77,18.20,17.98,19.09,18.24,17.99,0,0,0,0,0,7.709656,-42.697699,18.19,17.96,17.91,17.90,0
33,FSC0031m4242,,7.861720,-42.709000,17.60,FStar,1,0,,18.55,17.92,17.58,18.88,17.97,17.60,0,0,0,0,0,7.861720,-42.709013,17.84,17.52,17.37,17.34,0
11,FSC0032m4254,,8.033715,-42.911034,17.67,FStar,1,0,,18.47,17.89,17.66,18.79,17.93,17.67,0,0,0,0,0,8.033710,-42.911034,17.88,17.65,17.57,17.55,0
10,FSC0032m4237,,8.121775,-42.636798,17.99,FStar,1,0,,18.83,18.20,17.98,19.16,18.24,17.99,0,0,0,0,0,8.121758,-42.636813,18.22,17.97,17.91,17.91,0
29,FSC0033m4325,,8.274604,-43.428664,17.70,FStar,1,0,,18.58,17.96,17.69,18.90,18.00,17.70,0,0,0,0,0,8.274604,-43.428664,99.00,99.00,99.00,99.00,99.00
53,FSC0033m4207,,8.372397,-42.129388,17.76,FStar,1,0,,18.55,17.95,17.75,18.87,17.99,17.76,0,0,0,0,0,8.372398,-42.129354,17.96,17.72,17.68,17.66,0
31,FSC0034m4228,,8.483280,-42.480755,17.47,FStar,1,0,,18.32,17.68,17.46,18.66,17.72,17.47,0,0,0,0,0,8.483255,-42.480766,17.71,17.45,17.38,17.37,0
26,FSC0035m4234,,8.640420,-42.584176,17.72,FStar,1,0,,18.70,18.05,17.70,19.04,18.11,17.72,0,0,0,0,0,8.640399,-42.584187,18.07,17.69,17.57,17.52,0
69,FSC0035m4307,,8.697727,-43.131612,17.50,FStar,1,0,,18.35,17.71,17.50,18.69,17.75,17.50,0,0,0,0,0,8.697715,-43.131603,17.72,17.48,17.42,17.41,0
70,FSC0035m4304,,8.745560,-43.086417,17.86,FStar,1,0,,18.70,18.07,17.86,19.03,18.12,17.86,0,0,0,0,0,8.745540,-43.086411,18.10,17.85,17.79,17.78,0
27,FSC0035m4244,,8.811129,-42.752755,17.75,FStar,1,0,,18.63,18.00,17.74,18.96,18.05,17.75,0,0,0,0,0,8.811127,-42.752755,17.98,17.66,17.59,17.55,0
52,FSC0034m4435,,8.583050,-44.605675,17.54,FStar,2,0,,18.32,17.73,17.53,18.65,17.77,17.54,0,0,0,0,0,8.583043,-44.605682,17.73,17.52,17.47,17.43,0
61,FSC0035m4440,,8.817264,-44.683556,17.83,FStar,2,0,,18.65,18.04,17.82,18.98,18.08,17.83,0,0,0,0,0,8.817271,-44.683550,18.09,17.86,17.81,17.78,0
73,FSC0036m4429,,8.887264,-44.502638,17.53,FStar,2,0,,18.46,17.83,17.51,18.79,17.88,17.53,0,0,0,0,0,8.887290,-44.502615,17.85,17.54,17.46,17.43,0
62,FSC0036m4446,,8.921219,-44.784522,17.82,FStar,2,0,,18.61,18.00,17.82,18.94,18.03,17.82,0,0,0,0,0,8.921215,-44.784528,18.05,17.85,17.82,17.80,0
4,FSC0036m4323,,8.936342,-43.395677,17.45,FStar,2,0,,18.31,17.69,17.45,18.64,17.73,17.45,0,0,0,0,0,8.936355,-43.395684,17.70,17.45,17.38,17.37,0
45,FSC0036m4453,,8.942740,-44.902103,17.69,FStar,2,0,,18.59,17.95,17.67,18.93,18.00,17.69,0,0,0,0,0,8.942717,-44.902148,18.00,17.71,17.66,17.62,0
50,FSC0036m4404,,8.956662,-44.083324,17.89,FStar,2,0,,18.75,18.14,17.88,19.08,18.19,17.89,0,0,0,0,0,8.956686,-44.083313,18.18,17.90,17.80,17.76,0
1,FSC0036m4312,,9.039257,-43.220786,17.91,FStar,2,0,,18.76,18.13,17.90,19.09,18.17,17.91,0,0,0,0,0,9.039270,-43.220783,18.14,17.90,17.85,17.84,0
63,FSC0038m4304,,9.394087,-43.077623,17.57,FStar,2,0,,18.53,17.85,17.56,18.88,17.90,17.57,0,0,0,0,0,9.394063,-43.077598,17.85,17.54,17.47,17.44,0
48,FSC0038m4336,,9.419522,-43.615341,17.86,FStar,2,0,,18.71,18.09,17.85,19.04,18.13,17.86,0,0,0,0,0,9.419512,-43.615359,18.11,17.86,17.80,17.79,0
64,FSC0039m4303,,9.676281,-43.074807,17.95,FStar,2,0,,18.79,18.16,17.95,19.13,18.20,17.95,0,0,0,0,0,9.676260,-43.074777,18.17,17.94,17.88,17.87,0
19,FSC0039m4444,,9.833694,-44.743010,17.49,FStar,2,0,,18.37,17.74,17.48,18.70,17.79,17.49,0,0,0,0,0,9.833687,-44.742995,17.79,17.50,17.42,17.40,0
17,FSC0039m4342,,9.838092,-43.721321,17.65,FStar,2,0,,18.48,17.88,17.64,18.80,17.93,17.65,0,0,0,0,0,9.838054,-43.721332,17.89,17.66,17.58,17.56,0
16,FSC0040m4348,,9.913245,-43.810071,17.62,FStar,2,0,,18.57,17.88,17.60,18.91,17.93,17.62,0,0,0,0,0,9.913202,-43.810079,17.90,17.62,17.55,17.53,0
20,FSC0041m4327,,10.161981,-43.474583,17.75,FStar,2,0,,18.54,17.96,17.75,18.86,18.00,17.75,0,0,0,0,0,10.161940,-43.474595,17.98,17.74,17.70,17.68,0
39,FSC0041m4352,,10.288473,-43.888331,17.68,FStar,2,0,,18.64,17.99,17.66,18.97,18.04,17.68,0,0,0,0,0,10.288422,-43.888330,17.99,17.65,17.55,17.50,0
56,FSC0042m4355,,10.599828,-43.928107,17.85,FStar,2,0,,18.68,18.08,17.84,19.00,18.13,17.85,0,0,0,0,0,10.599788,-43.928101,18.09,17.81,17.75,17.72,0
279,FSC0250p0022,,42.451166,0.374291,17.92,FStar,3,0,X,0,0,0,0,0,0,19.12,18.24,17.92,17.84,17.78,42.451140,0.374311,18.20,17.94,17.85,17.84,0
93,FSC0250m0035,,42.471163,-0.607022,16.23,FStar,3,0,,17.00,16.43,16.23,17.32,16.47,16.23,17.37,16.46,16.22,16.16,16.17,42.471167,-0.606991,16.42,16.22,16.18,16.20,0
102,FSC0254m0023,,43.503339,-0.398260,16.34,FStar,3,0,,17.27,16.60,16.33,17.61,16.64,16.34,17.58,16.62,16.33,16.17,16.21,43.503324,-0.398237,16.60,16.32,16.25,16.24,0
83,FSC0243m0102,,40.682293,-1.051249,17.67,FStar,4,0,,18.55,17.93,17.66,18.88,17.98,17.67,18.89,18.00,17.69,17.60,17.55,40.682308,-1.051239,17.93,17.67,17.61,17.60,0
293,FSC0243m0113,,40.682666,-1.226165,17.92,FStar,4,0,,0,0,0,0,0,0,19.08,18.19,17.92,17.81,17.78,40.682669,-1.226147,18.18,17.91,17.84,17.83,0
75,FSC0243m0020,,40.718951,-0.352586,17.63,FStar,4,0,,18.51,17.89,17.62,18.84,17.93,17.63,0,0,0,0,0,40.718923,-0.352576,17.89,17.62,17.56,17.55,0
298,FSC0243m0133,,40.768268,-1.567376,17.90,FStar,4,0,,0,0,0,0,0,0,19.16,18.24,17.90,17.76,17.70,40.768238,-1.567351,18.20,17.88,17.79,17.78,0
291,FSC0243m0100,,40.818986,-1.020189,17.73,FStar,4,0,,0,0,0,0,0,0,18.95,18.08,17.73,17.62,17.61,40.819002,-1.020170,18.01,17.70,17.61,17.58,0
296,FSC0244m0035,,41.025676,-0.605108,17.91,FStar,4,0,,0,0,0,0,0,0,19.20,18.23,17.91,17.77,17.69,41.025625,-0.605117,18.20,17.86,17.78,17.75,0
292,FSC0244m0012,,41.095330,-0.212698,17.89,FStar,4,0,,0,0,0,0,0,0,19.08,18.17,17.89,17.85,17.86,41.095330,-0.212698,99.00,99.00,99.00,99.00,99.00
289,FSC0245m0151,,41.332795,-1.860226,17.57,FStar,4,0,,0,0,0,0,0,0,18.73,17.82,17.57,17.45,17.42,41.332795,-1.860226,99.00,99.00,99.00,99.00,99.00
297,FSC0246m0116,,41.391407,-1.278636,17.94,FStar,4,0,,0,0,0,0,0,0,19.21,18.24,17.94,17.85,17.80,41.391395,-1.278612,18.21,17.93,17.84,17.84,0
94,FSC0246m0021,,41.391495,-0.362302,17.75,FStar,4,0,,18.62,18.04,17.74,18.94,18.09,17.75,18.99,18.07,17.75,17.63,17.65,41.391455,-0.362314,18.05,17.75,17.68,17.66,0
295,FSC0246m0111,,41.445898,-1.200157,17.91,FStar,4,0,,0,0,0,0,0,0,19.11,18.21,17.91,17.81,17.79,41.445911,-1.200129,18.16,17.89,17.80,17.81,0
96,FSC0246m0035,,41.490377,-0.596044,17.68,FStar,4,0,,18.57,17.93,17.67,18.91,17.98,17.68,18.88,17.97,17.70,17.58,17.57,41.490338,-0.596052,17.94,17.67,17.60,17.57,0
81,FSC0246m0056,,41.593166,-0.947146,17.73,FStar,4,0,,18.65,17.98,17.72,19.00,18.03,17.73,18.97,18.02,17.75,17.64,17.59,41.593128,-0.947137,17.97,17.72,17.65,17.63,0
299,FSC0247m0121,,41.675918,-1.367704,17.96,FStar,4,0,,0,0,0,0,0,0,19.15,18.28,17.96,17.82,17.74,41.675906,-1.367685,18.24,17.93,17.83,17.82,0
300,FSC0247m0108,,41.727308,-1.142087,17.98,FStar,4,0,,0,0,0,0,0,0,19.21,18.32,17.98,17.84,17.81,41.727307,-1.142065,18.25,17.95,17.86,17.83,0
142,FSC0334m2655,,53.424210,-26.933149,17.88,FStar,5,0,,18.65,18.06,17.87,18.97,18.10,17.88,0,0,0,0,0,53.424212,-26.933126,18.05,17.86,17.82,17.82,17.84
202,FSC0334m2633,,53.589017,-26.562486,17.64,FStar,5,0,,18.38,17.86,17.63,18.68,17.90,17.64,0,0,0,0,0,53.589004,-26.562484,17.88,17.63,17.57,17.56,17.61
168,FSC0335m2625,,53.662418,-26.425819,17.77,FStar,5,0,,18.71,18.04,17.76,19.06,18.08,17.77,0,0,0,0,0,53.662391,-26.425807,18.06,17.75,17.70,17.66,17.68
145,FSC0335m2714,,53.728204,-27.246326,17.57,FStar,5,0,,18.53,17.85,17.55,18.87,17.89,17.57,0,0,0,0,0,53.728202,-27.246323,17.85,17.55,17.44,17.41,17.43
169,FSC0335m2619,,53.826153,-26.339112,17.76,FStar,5,0,,18.64,18.00,17.75,18.97,18.05,17.76,0,0,0,0,0,53.826126,-26.339103,18.02,17.74,17.69,17.67,17.70
143,FSC0336m2724,,53.932844,-27.424094,17.87,FStar,5,0,,18.75,18.11,17.87,19.09,18.15,17.87,0,0,0,0,0,53.932855,-27.424084,18.11,17.84,17.76,17.74,17.79
150,FSC0336m2707,,53.950643,-27.139052,17.95,FStar,5,0,,18.71,18.13,17.95,19.03,18.16,17.95,0,0,0,0,0,53.950646,-27.139050,18.14,17.95,17.89,17.89,17.95
152,FSC0336m2702,,54.069578,-27.057968,17.77,FStar,5,0,,18.56,18.00,17.76,18.88,18.04,17.77,0,0,0,0,0,54.069577,-27.057966,18.00,17.75,17.67,17.67,17.73
149,FSC0336m2749,,54.070483,-27.838084,17.53,FStar,5,0,,18.51,17.84,17.52,18.85,17.89,17.53,0,0,0,0,0,54.070485,-27.838076,17.84,17.50,17.40,17.37,17.40
171,FSC0336m2630,,54.120936,-26.518860,17.57,FStar,5,0,,18.44,17.79,17.56,18.77,17.83,17.57,0,0,0,0,0,54.120921,-26.518882,17.81,17.56,17.48,17.46,17.49
187,FSC0337m2621,,54.126336,-26.365506,17.99,FStar,5,0,,18.71,18.17,17.99,19.02,18.21,17.99,0,0,0,0,0,54.126309,-26.365517,18.18,17.98,17.94,17.93,17.99
188,FSC0337m2619,,54.160444,-26.337529,17.60,FStar,5,0,,18.45,17.83,17.59,18.78,17.88,17.60,0,0,0,0,0,54.160413,-26.337538,17.85,17.58,17.52,17.50,17.55
189,FSC0337m2649,,54.201651,-26.828232,17.79,FStar,5,0,,18.61,18.02,17.78,18.93,18.06,17.79,0,0,0,0,0,54.201643,-26.828247,18.01,17.77,17.70,17.70,17.73
196,FSC0337m2653,,54.325048,-26.892367,17.78,FStar,5,0,,18.67,18.02,17.77,19.00,18.07,17.78,0,0,0,0,0,54.325033,-26.892378,18.03,17.76,17.68,17.68,17.71
197,FSC0337m2710,,54.352432,-27.189009,17.67,FStar,5,0,,18.49,17.92,17.66,18.80,17.96,17.67,0,0,0,0,0,54.352425,-27.189003,17.89,17.65,17.56,17.56,17.61
154,FSC0338m2734,,54.392433,-27.582151,17.62,FStar,5,0,,18.55,17.89,17.61,18.89,17.94,17.62,0,0,0,0,0,54.392445,-27.582132,17.90,17.59,17.51,17.49,17.54
155,FSC0338m2742,,54.480512,-27.713469,17.54,FStar,5,0,,18.43,17.78,17.53,18.77,17.82,17.54,0,0,0,0,0,54.480526,-27.713447,17.78,17.48,17.40,17.38,17.41
176,FSC0338m2630,,54.483522,-26.514608,17.88,FStar,5,0,,18.61,18.08,17.87,18.92,18.12,17.88,0,0,0,0,0,54.483485,-26.514629,18.11,17.88,17.80,17.81,17.85
175,FSC0339m2742,,54.817660,-27.715471,17.61,FStar,5,0,,18.40,17.82,17.61,18.72,17.86,17.61,0,0,0,0,0,54.817658,-27.715461,17.83,17.59,17.53,17.52,17.56
173,FSC0340m2717,,54.884841,-27.301608,17.68,FStar,5,0,,18.63,17.95,17.67,18.97,17.99,17.68,0,0,0,0,0,54.884812,-27.301598,17.96,17.67,17.58,17.56,17.61
181,FSC0340m2703,,54.898628,-27.058760,17.96,FStar,5,0,,18.75,18.16,17.95,19.07,18.20,17.96,0,0,0,0,0,54.898585,-27.058761,18.16,17.93,17.86,17.87,17.90
174,FSC0340m2720,,54.911199,-27.356638,17.68,FStar,5,0,,18.59,17.95,17.66,18.93,18.00,17.68,0,0,0,0,0,54.911177,-27.356624,17.95,17.65,17.55,17.54,17.57
183,FSC0340m2710,,55.069740,-27.175076,17.62,FStar,5,0,,18.45,17.87,17.61,18.76,17.92,17.62,0,0,0,0,0,55.069712,-27.175071,17.90,17.62,17.52,17.50,17.54
177,FSC0341m2644,,55.220595,-26.752576,17.51,FStar,5,0,,18.36,17.71,17.51,18.70,17.75,17.51,0,0,0,0,0,55.220599,-26.752566,17.72,17.50,17.44,17.45,17.48
200,FSC0334m2925,,53.578299,-29.437749,17.75,FStar,6,0,,18.65,18.00,17.74,18.99,18.05,17.75,0,0,0,0,0,53.578323,-29.437732,18.02,17.75,17.69,17.67,17.72
163,FSC0335m2908,,53.868586,-29.152646,17.86,FStar,6,0,,18.73,18.11,17.85,19.06,18.16,17.86,0,0,0,0,0,53.868598,-29.152634,18.13,17.86,17.79,17.78,17.84
131,FSC0328m2753,,51.887248,-27.892649,17.42,FStar,7,0,,18.28,17.68,17.41,18.61,17.73,17.42,0,0,0,0,0,51.887198,-27.892650,17.69,17.41,17.36,17.31,17.32
123,FSC0329m2828,,52.268433,-28.481433,17.40,FStar,7,0,,18.23,17.65,17.39,18.55,17.70,17.40,0,0,0,0,0,52.268409,-28.481443,17.67,17.43,17.42,17.36,17.38
112,FSC0330m2720,,52.504278,-27.343196,17.54,FStar,7,0,,18.45,17.78,17.53,18.79,17.83,17.54,0,0,0,0,0,52.504268,-27.343196,17.78,17.53,17.48,17.45,17.50
116,FSC0331m2748,,52.759385,-27.809182,17.69,FStar,7,0,,18.48,17.92,17.68,18.79,17.96,17.69,0,0,0,0,0,52.759384,-27.809180,17.93,17.68,17.63,17.61,17.65
134,FSC0332m2810,,52.920129,-28.176595,17.43,FStar,7,0,,18.31,17.71,17.42,18.64,17.75,17.43,0,0,0,0,0,52.920130,-28.176572,17.73,17.47,17.40,17.38,17.38
137,FSC0332m2833,,53.040305,-28.563648,17.71,FStar,7,0,,18.56,17.95,17.70,18.89,18.00,17.71,0,0,0,0,0,53.040296,-28.563619,17.98,17.71,17.66,17.63,17.65
111,FSC0332m2714,,53.069841,-27.252036,17.55,FStar,7,0,,18.46,17.79,17.54,18.80,17.83,17.55,0,0,0,0,0,53.069812,-27.252033,17.79,17.54,17.48,17.45,17.48
128,FSC0332m2843,,53.101832,-28.725322,17.78,FStar,7,0,,18.53,17.97,17.78,18.85,18.01,17.78,0,0,0,0,0,53.101819,-28.725295,17.99,17.79,17.75,17.72,17.75
118,FSC0332m2756,TRUE,53.113463,-27.947726,17.83,FStar,7,0,,18.67,18.04,17.83,19.01,18.08,17.83,0,0,0,0,0,53.113431,-27.947714,18.04,17.83,17.79,17.79,17.84
119,FSC0333m2812,,53.252164,-28.218877,17.77,FStar,7,0,,18.67,18.03,17.76,19.00,18.07,17.77,0,0,0,0,0,53.252135,-28.218849,18.06,17.79,17.70,17.68,17.71
121,FSC0333m2811,,53.348769,-28.194236,17.45,FStar,7,0,,18.36,17.74,17.43,18.69,17.79,17.45,0,0,0,0,0,53.348733,-28.194212,17.76,17.44,17.35,17.29,17.27
323,FSC0214m0512,,33.572005,-5.213132,17.99,FStar,8,0,,0,0,0,0,0,0,19.33,18.37,17.99,17.84,17.75,33.572005,-5.213114,18.34,17.97,17.87,17.81,0
322,FSC0215m0456,,33.721251,-4.944374,18.00,FStar,8,0,,0,0,0,0,0,0,19.24,18.35,18.00,17.91,17.85,33.721228,-4.944314,18.25,18.00,17.94,17.92,0
312,FSC0215m0519,,33.757289,-5.330413,17.78,FStar,8,0,,0,0,0,0,0,0,18.84,18.13,17.78,17.71,17.72,33.757258,-5.330365,17.91,17.76,17.76,17.77,0
208,FSC0215m0449,,33.846373,-4.825655,17.73,FStar,8,0,,18.56,17.98,17.72,18.88,18.03,17.73,18.88,17.96,17.73,17.62,17.61,33.846389,-4.825643,18.01,17.75,17.68,17.65,0
210,FSC0216m0510,,34.089977,-5.178003,17.47,FStar,8,0,,18.37,17.75,17.46,18.70,17.80,17.47,18.74,17.81,17.47,17.35,17.29,34.089994,-5.177981,17.78,17.48,17.40,17.38,0
212,FSC0217m0508,,34.219769,-5.148216,17.71,FStar,8,0,,18.59,18.01,17.69,18.91,18.06,17.71,19.00,18.06,17.73,17.57,17.51,34.219783,-5.148188,18.02,17.69,17.58,17.53,0
211,FSC0217m0509,TRUE,34.277575,-5.174997,17.46,FStar,8,0,,18.21,17.67,17.46,18.52,17.71,17.46,18.66,17.73,17.48,17.38,17.36,34.277585,-5.174969,17.68,17.48,17.43,17.42,0
319,FSC0217m0438,,34.311210,-4.651214,17.85,FStar,8,0,,0,0,0,0,0,0,19.20,18.27,17.85,17.76,17.71,34.311182,-4.651207,18.17,17.85,17.76,17.74,0
309,FSC0217m0544,,34.334176,-5.750429,17.57,FStar,8,0,,0,0,0,0,0,0,18.87,17.90,17.57,17.48,17.46,34.334152,-5.750429,17.81,17.56,17.51,17.52,0
305,FSC0218m0537,,34.383270,-5.632578,17.39,FStar,8,0,,0,0,0,0,0,0,18.60,17.71,17.39,17.29,17.25,34.383239,-5.632560,17.66,17.41,17.34,17.32,0
310,FSC0218m0529,,34.397339,-5.498519,17.66,FStar,8,0,,0,0,0,0,0,0,18.84,18.02,17.66,17.52,17.48,34.397330,-5.498503,17.94,17.62,17.52,17.49,0
315,FSC0218m0436,,34.420583,-4.609161,17.90,FStar,8,0,,0,0,0,0,0,0,19.03,18.18,17.90,17.82,17.82,34.420547,-4.609152,18.13,17.93,17.89,17.88,0
314,FSC0219m0511,,34.664218,-5.204306,17.90,FStar,8,0,,0,0,0,0,0,0,19.17,18.15,17.90,18.00,17.73,34.664187,-5.204268,18.24,17.91,17.80,17.77,0
204,FSC0219m0433,,34.720425,-4.561410,17.83,FStar,8,0,,18.65,18.04,17.83,18.98,18.08,17.83,19.02,18.11,17.80,17.76,17.72,34.720398,-4.561411,18.05,17.80,17.77,17.77,0
205,FSC0219m0431,,34.748141,-4.528904,17.70,FStar,8,0,,18.57,17.94,17.69,18.91,17.98,17.70,18.87,18.00,17.71,17.63,17.57,34.748114,-4.528911,17.96,17.70,17.62,17.63,0
311,FSC0219m0426,,34.794698,-4.449930,17.83,FStar,8,0,,0,0,0,0,0,0,19.00,18.09,17.83,17.71,17.75,34.794612,-4.449916,18.10,17.82,17.73,17.72,0
321,FSC0219m0410,,34.853236,-4.181229,17.95,FStar,8,0,,0,0,0,0,0,0,19.16,18.28,17.95,17.81,17.72,34.853187,-4.181208,18.26,17.92,17.82,17.79,0
320,FSC0220m0412,,34.889918,-4.220996,17.88,FStar,8,0,,0,0,0,0,0,0,19.08,18.27,17.88,17.80,17.73,34.889870,-4.221004,18.20,17.89,17.78,17.78,0
317,FSC0220m0500,TRUE,34.893835,-5.014255,17.93,FStar,8,0,,0,0,0,0,0,0,19.13,18.23,17.93,17.83,17.77,34.893772,-5.014212,18.15,17.90,17.82,17.82,0
227,FSC0220m0420,,35.033485,-4.342038,17.52,FStar,8,0,,18.36,17.74,17.51,18.70,17.78,17.52,18.69,17.84,17.52,17.47,17.45,35.033451,-4.342040,17.77,17.52,17.46,17.45,0
217,FSC0220m0532,,35.088065,-5.543871,17.37,FStar,8,0,,18.27,17.62,17.36,18.61,17.67,17.37,0,0,0,0,0,35.088065,-5.543864,17.65,17.37,17.30,17.27,0
236,FSC0220m0516,,35.123099,-5.278963,17.52,FStar,8,0,,18.43,17.79,17.51,18.76,17.84,17.52,18.80,17.86,17.47,17.38,17.37,35.123073,-5.278916,17.82,17.53,17.44,17.41,0
222,FSC0221m0640,,35.313475,-6.676195,17.68,FStar,9,0,,18.63,17.96,17.67,18.98,18.01,17.68,18.95,18.00,17.70,17.59,17.56,35.313493,-6.676165,17.99,17.70,17.59,17.57,0
331,FSC0221m0606,,35.337276,-6.120626,17.85,FStar,9,0,,0,0,0,0,0,0,19.05,18.14,17.85,17.77,17.75,35.337253,-6.120600,18.07,17.85,17.78,17.77,0
338,FSC0222m0626,,35.407717,-6.448444,17.93,FStar,9,0,,0,0,0,0,0,0,19.19,18.24,17.93,17.82,17.79,35.407716,-6.448405,18.21,17.92,17.83,17.81,0
316,FSC0222m0550,,35.417916,-5.850510,17.84,FStar,9,0,,0,0,0,0,0,0,19.14,18.19,17.84,17.74,17.68,35.417893,-5.850477,18.13,17.85,17.76,17.73,0
318,FSC0222m0537,,35.440392,-5.627016,17.87,FStar,9,0,,0,0,0,0,0,0,19.16,18.26,17.87,17.75,17.66,35.440327,-5.626981,18.21,17.89,17.79,17.75,0
339,FSC0223m0553,,35.652865,-5.898455,17.89,FStar,9,0,,0,0,0,0,0,0,19.14,18.25,17.89,17.77,17.74,35.652826,-5.898421,18.22,17.88,17.78,17.76,0
239,FSC0223m0655,,35.683249,-6.932177,17.84,FStar,9,0,,18.74,18.12,17.83,19.07,18.17,17.84,0,0,0,0,0,35.683244,-6.932148,18.15,17.84,17.74,17.70,0
240,FSC0224m0615,,36.085821,-6.263148,17.69,FStar,9,0,,18.50,17.89,17.68,18.83,17.93,17.69,18.86,17.96,17.69,17.59,17.59,36.085793,-6.263154,17.92,17.68,17.62,17.61,0
336,FSC0225m0602,,36.292117,-6.054472,17.77,FStar,9,0,,0,0,0,0,0,0,19.06,18.20,17.77,17.56,17.49,36.292078,-6.054430,18.14,17.73,17.58,17.51,0
328,FSC0226m0550,,36.429713,-5.851362,17.58,FStar,9,0,,0,0,0,0,0,0,18.91,17.96,17.58,17.44,17.40,36.429691,-5.851315,17.93,17.56,17.46,17.42,0
271,FSC0222m0500,,35.610291,-5.020463,17.78,FStar,10,0,,18.60,18.02,17.77,18.92,18.07,17.78,18.99,18.06,17.79,17.64,17.64,35.610270,-5.020459,18.04,17.77,17.68,17.66,0
272,FSC0223m0500,,35.724645,-5.017793,17.82,FStar,10,0,,18.69,18.08,17.81,19.02,18.13,17.82,0,0,0,0,0,35.724650,-5.017774,18.10,17.80,17.72,17.69,0
273,FSC0223m0504,,35.769159,-5.078743,17.69,FStar,10,0,,18.68,18.01,17.67,19.02,18.06,17.69,0,0,0,0,0,35.769162,-5.078732,18.04,17.69,17.59,17.56,0
252,FSC0223m0440,TRUE,35.808231,-4.689936,17.69,FStar,10,0,,18.65,17.99,17.67,18.98,18.04,17.69,19.00,18.09,17.69,17.61,17.49,35.808256,-4.689912,18.00,17.66,17.56,17.53,0
267,FSC0223m0440,TRUE,35.860790,-4.678130,17.59,FStar,10,0,,18.55,17.92,17.57,18.88,17.97,17.59,0,0,0,0,0,35.860817,-4.678112,17.94,17.58,17.45,17.39,0
253,FSC0224m0440,,35.882978,-4.681966,17.50,FStar,10,0,,18.44,17.80,17.49,18.77,17.85,17.50,18.75,17.89,17.49,17.42,17.35,35.882997,-4.681949,17.81,17.48,17.38,17.36,0
254,FSC0224m0438,,35.960794,-4.655103,17.60,FStar,10,0,,18.60,17.94,17.58,18.94,17.99,17.60,0,0,0,0,0,35.960818,-4.655083,17.96,17.58,17.46,17.42,0
249,FSC0224m0406,,35.988496,-4.121750,17.61,FStar,10,0,,18.42,17.88,17.60,18.73,17.92,17.61,18.86,17.88,17.61,17.51,17.41,35.988498,-4.121752,17.88,17.60,17.51,17.48,0
247,FSC0224m0429,,36.031773,-4.503388,17.37,FStar,10,0,,18.22,17.65,17.36,18.54,17.70,17.37,18.61,17.66,17.35,17.25,17.14,36.031794,-4.503383,17.64,17.36,17.26,17.23,0
348,FSC0224m0448,,36.048106,-4.813143,17.82,FStar,10,0,,0,0,0,0,0,0,18.97,18.05,17.82,17.67,17.62,36.048118,-4.813102,18.02,17.75,17.67,17.66,0
346,FSC0225m0437,,36.188050,-4.631438,17.62,FStar,10,0,,0,0,0,0,0,0,18.81,17.99,17.62,17.31,17.28,36.188039,-4.631429,17.85,17.46,17.29,17.24,0
351,FSC0225m0339,,36.263453,-3.672930,17.99,FStar,10,0,,0,0,0,0,0,0,19.16,18.27,17.99,17.85,17.78,36.263386,-3.672905,18.21,17.94,17.86,17.84,0
242,FSC0225m0348,TRUE,36.333350,-3.822222,17.44,FStar,10,0,,18.28,17.72,17.42,18.59,17.77,17.44,18.65,17.75,17.44,17.32,17.31,36.333331,-3.822224,17.70,17.42,17.34,17.30,0
261,FSC0225m0500,,36.341002,-5.004941,17.31,FStar,10,0,,17.96,17.61,17.29,18.22,17.66,17.31,0,0,0,0,0,36.341010,-5.004901,17.56,17.36,17.29,17.26,0
243,FSC0225m0348,TRUE,36.358061,-3.812773,17.72,FStar,10,0,,18.62,18.05,17.70,18.94,18.10,17.72,18.99,18.10,17.72,17.60,17.59,36.358046,-3.812771,18.04,17.71,17.61,17.56,0
333,FSC0225m0530,,36.363010,-5.524384,17.82,FStar,10,0,,0,0,0,0,0,0,19.06,18.14,17.82,17.71,17.68,36.363005,-5.524333,18.12,17.82,17.74,17.72,0
332,FSC0226m0524,,36.407376,-5.416285,17.85,FStar,10,0,,0,0,0,0,0,0,19.05,18.14,17.85,17.76,17.73,36.407354,-5.416243,18.12,17.86,17.78,17.77,0
329,FSC0226m0525,,36.481594,-5.439417,17.67,FStar,10,0,,0,0,0,0,0,0,18.94,17.97,17.67,17.55,17.55,36.481568,-5.439375,17.96,17.68,17.59,17.58,0
251,FSC0226m0413,,36.517255,-4.239848,17.75,FStar,10,0,,18.63,17.98,17.74,18.97,18.02,17.75,0,0,0,0,0,36.517240,-4.239853,17.98,17.73,17.66,17.64,0
330,FSC0227m0524,,36.675708,-5.419716,17.67,FStar,10,0,,0,0,0,0,0,0,18.91,18.02,17.67,17.53,17.46,36.675670,-5.419679,17.95,17.63,17.52,17.49,0
241,FSC0227m0339,,36.722361,-3.667997,17.74,FStar,10,0,,18.70,18.05,17.72,19.04,18.10,17.74,0,0,0,0,0,36.722355,-3.667941,18.04,17.71,17.60,17.57,0
246,FSC0227m0421,,36.727759,-4.363041,17.09,FStar,10,0,X,18.09,17.46,17.07,18.42,17.52,17.09,18.38,17.47,17.08,16.91,16.85,36.727733,-4.363039,17.45,17.06,16.93,16.86,0
349,FSC0227m0337,,36.736350,-3.638378,17.99,FStar,10,0,,0,0,0,0,0,0,19.22,18.20,17.99,17.85,17.78,36.736283,-3.638358,18.22,17.95,17.86,17.83,0
244,FSC0227m0509,TRUE,36.743167,-5.173023,17.82,FStar,10,0,,18.64,18.06,17.81,18.96,18.11,17.82,19.04,18.12,17.80,17.73,17.71,36.743151,-5.172983,18.06,17.79,17.72,17.70,0
259,FSC0228m0426,,36.881477,-4.445992,17.69,FStar,10,0,,18.67,17.99,17.68,19.01,18.04,17.69,0,0,0,0,0,36.881437,-4.445984,17.98,17.66,17.56,17.53,0
266,FSC0228m0410,,37.007946,-4.187683,17.64,FStar,10,0,,18.43,17.85,17.63,18.75,17.89,17.64,18.75,17.88,17.67,17.59,17.51,37.007911,-4.187681,17.85,17.63,17.57,17.56,0
344,FSC0228m0344,,37.033781,-3.756855,17.56,FStar,10,0,,0,0,0,0,0,0,18.79,17.90,17.56,17.41,17.37,37.033764,-3.756818,17.83,17.51,17.41,17.39,0
350,FSC0228m0443,,37.037979,-4.732350,17.93,FStar,10,0,,0,0,0,0,0,0,19.21,18.25,17.93,17.87,17.76,37.037973,-4.732278,18.24,17.93,17.83,17.80,0
255,FSC0229m0407,,37.154954,-4.133915,17.74,FStar,10,0,,18.60,18.01,17.72,18.92,18.05,17.74,18.89,17.98,17.71,17.58,17.53,37.154930,-4.133903,18.00,17.71,17.62,17.57,0
345,FSC0229m0442,,37.205321,-4.718026,17.60,FStar,10,0,,0,0,0,0,0,0,18.89,17.96,17.60,17.52,17.45,37.205310,-4.717957,17.90,17.58,17.49,17.45,0